# Test:	Laser Sweep (sweepLaser)
# User:	Mustafa
# Start:	22-Mar-2022 17:42:56
# Finish:	22-Mar-2022 17:43:49
# Device ID:	 ST2ST_1Bond_X-850_Y1335_Xoff100_Yoff0
# Device coordinates (gds):	-850, 1335
# Device coordinates (motor):	-5.267059e+03, -1.383025e+02
# Chip test start:	22-Mar-2022 16:49:21
# Settings:
#	Laser:	81600B
#	Detector:	HP81635A
#	Sweep speed:	40 nm/s
#	Number of datasets:	2 
#	Laser power:	0 dBm
#	Wavelength step-size:	0.08 nm
#	Start wavelength:	1260 nm
#	Stop wavelength:	1377 nm
#	Stitch count:	0 
#	Init Range:	-10 
#	New sweep plot behavior:	add
#	Turn off laser when done:	yes
#Metric Tag, value [, value]
wavelength,1260,1260.08,1260.16,1260.24,1260.32,1260.4,1260.48,1260.56,1260.64,1260.72,1260.8,1260.88,1260.96,1261.04,1261.12,1261.2,1261.28,1261.36,1261.44,1261.52,1261.6,1261.68,1261.76,1261.84,1261.92,1262,1262.08,1262.16,1262.24,1262.32,1262.4,1262.48,1262.56,1262.64,1262.72,1262.8,1262.88,1262.96,1263.04,1263.12,1263.2,1263.28,1263.36,1263.44,1263.52,1263.6,1263.68,1263.76,1263.84,1263.92,1264,1264.08,1264.16,1264.24,1264.32,1264.4,1264.48,1264.56,1264.64,1264.72,1264.8,1264.88,1264.96,1265.04,1265.12,1265.2,1265.28,1265.36,1265.44,1265.52,1265.6,1265.68,1265.76,1265.84,1265.92,1266,1266.08,1266.16,1266.24,1266.32,1266.4,1266.48,1266.56,1266.64,1266.72,1266.8,1266.88,1266.96,1267.04,1267.12,1267.2,1267.28,1267.36,1267.44,1267.52,1267.6,1267.68,1267.76,1267.84,1267.92,1268,1268.08,1268.16,1268.24,1268.32,1268.4,1268.48,1268.56,1268.64,1268.72,1268.8,1268.88,1268.96,1269.04,1269.12,1269.2,1269.28,1269.36,1269.44,1269.52,1269.6,1269.68,1269.76,1269.84,1269.92,1270,1270.08,1270.16,1270.24,1270.32,1270.4,1270.48,1270.56,1270.64,1270.72,1270.8,1270.88,1270.96,1271.04,1271.12,1271.2,1271.28,1271.36,1271.44,1271.52,1271.6,1271.68,1271.76,1271.84,1271.92,1272,1272.08,1272.16,1272.24,1272.32,1272.4,1272.48,1272.56,1272.64,1272.72,1272.8,1272.88,1272.96,1273.04,1273.12,1273.2,1273.28,1273.36,1273.44,1273.52,1273.6,1273.68,1273.76,1273.84,1273.92,1274,1274.08,1274.16,1274.24,1274.32,1274.4,1274.48,1274.56,1274.64,1274.72,1274.8,1274.88,1274.96,1275.04,1275.12,1275.2,1275.28,1275.36,1275.44,1275.52,1275.6,1275.68,1275.76,1275.84,1275.92,1276,1276.08,1276.16,1276.24,1276.32,1276.4,1276.48,1276.56,1276.64,1276.72,1276.8,1276.88,1276.96,1277.04,1277.12,1277.2,1277.28,1277.36,1277.44,1277.52,1277.6,1277.68,1277.76,1277.84,1277.92,1278,1278.08,1278.16,1278.24,1278.32,1278.4,1278.48,1278.56,1278.64,1278.72,1278.8,1278.88,1278.96,1279.04,1279.12,1279.2,1279.28,1279.36,1279.44,1279.52,1279.6,1279.68,1279.76,1279.84,1279.92,1280,1280.08,1280.16,1280.24,1280.32,1280.4,1280.48,1280.56,1280.64,1280.72,1280.8,1280.88,1280.96,1281.04,1281.12,1281.2,1281.28,1281.36,1281.44,1281.52,1281.6,1281.68,1281.76,1281.84,1281.92,1282,1282.08,1282.16,1282.24,1282.32,1282.4,1282.48,1282.56,1282.64,1282.72,1282.8,1282.88,1282.96,1283.04,1283.12,1283.2,1283.28,1283.36,1283.44,1283.52,1283.6,1283.68,1283.76,1283.84,1283.92,1284,1284.08,1284.16,1284.24,1284.32,1284.4,1284.48,1284.56,1284.64,1284.72,1284.8,1284.88,1284.96,1285.04,1285.12,1285.2,1285.28,1285.36,1285.44,1285.52,1285.6,1285.68,1285.76,1285.84,1285.92,1286,1286.08,1286.16,1286.24,1286.32,1286.4,1286.48,1286.56,1286.64,1286.72,1286.8,1286.88,1286.96,1287.04,1287.12,1287.2,1287.28,1287.36,1287.44,1287.52,1287.6,1287.68,1287.76,1287.84,1287.92,1288,1288.08,1288.16,1288.24,1288.32,1288.4,1288.48,1288.56,1288.64,1288.72,1288.8,1288.88,1288.96,1289.04,1289.12,1289.2,1289.28,1289.36,1289.44,1289.52,1289.6,1289.68,1289.76,1289.84,1289.92,1290,1290.08,1290.16,1290.24,1290.32,1290.4,1290.48,1290.56,1290.64,1290.72,1290.8,1290.88,1290.96,1291.04,1291.12,1291.2,1291.28,1291.36,1291.44,1291.52,1291.6,1291.68,1291.76,1291.84,1291.92,1292,1292.08,1292.16,1292.24,1292.32,1292.4,1292.48,1292.56,1292.64,1292.72,1292.8,1292.88,1292.96,1293.04,1293.12,1293.2,1293.28,1293.36,1293.44,1293.52,1293.6,1293.68,1293.76,1293.84,1293.92,1294,1294.08,1294.16,1294.24,1294.32,1294.4,1294.48,1294.56,1294.64,1294.72,1294.8,1294.88,1294.96,1295.04,1295.12,1295.2,1295.28,1295.36,1295.44,1295.52,1295.6,1295.68,1295.76,1295.84,1295.92,1296,1296.08,1296.16,1296.24,1296.32,1296.4,1296.48,1296.56,1296.64,1296.72,1296.8,1296.88,1296.96,1297.04,1297.12,1297.2,1297.28,1297.36,1297.44,1297.52,1297.6,1297.68,1297.76,1297.84,1297.92,1298,1298.08,1298.16,1298.24,1298.32,1298.4,1298.48,1298.56,1298.64,1298.72,1298.8,1298.88,1298.96,1299.04,1299.12,1299.2,1299.28,1299.36,1299.44,1299.52,1299.6,1299.68,1299.76,1299.84,1299.92,1300,1300.08,1300.16,1300.24,1300.32,1300.4,1300.48,1300.56,1300.64,1300.72,1300.8,1300.88,1300.96,1301.04,1301.12,1301.2,1301.28,1301.36,1301.44,1301.52,1301.6,1301.68,1301.76,1301.84,1301.92,1302,1302.08,1302.16,1302.24,1302.32,1302.4,1302.48,1302.56,1302.64,1302.72,1302.8,1302.88,1302.96,1303.04,1303.12,1303.2,1303.28,1303.36,1303.44,1303.52,1303.6,1303.68,1303.76,1303.84,1303.92,1304,1304.08,1304.16,1304.24,1304.32,1304.4,1304.48,1304.56,1304.64,1304.72,1304.8,1304.88,1304.96,1305.04,1305.12,1305.2,1305.28,1305.36,1305.44,1305.52,1305.6,1305.68,1305.76,1305.84,1305.92,1306,1306.08,1306.16,1306.24,1306.32,1306.4,1306.48,1306.56,1306.64,1306.72,1306.8,1306.88,1306.96,1307.04,1307.12,1307.2,1307.28,1307.36,1307.44,1307.52,1307.6,1307.68,1307.76,1307.84,1307.92,1308,1308.08,1308.16,1308.24,1308.32,1308.4,1308.48,1308.56,1308.64,1308.72,1308.8,1308.88,1308.96,1309.04,1309.12,1309.2,1309.28,1309.36,1309.44,1309.52,1309.6,1309.68,1309.76,1309.84,1309.92,1310,1310.08,1310.16,1310.24,1310.32,1310.4,1310.48,1310.56,1310.64,1310.72,1310.8,1310.88,1310.96,1311.04,1311.12,1311.2,1311.28,1311.36,1311.44,1311.52,1311.6,1311.68,1311.76,1311.84,1311.92,1312,1312.08,1312.16,1312.24,1312.32,1312.4,1312.48,1312.56,1312.64,1312.72,1312.8,1312.88,1312.96,1313.04,1313.12,1313.2,1313.28,1313.36,1313.44,1313.52,1313.6,1313.68,1313.76,1313.84,1313.92,1314,1314.08,1314.16,1314.24,1314.32,1314.4,1314.48,1314.56,1314.64,1314.72,1314.8,1314.88,1314.96,1315.04,1315.12,1315.2,1315.28,1315.36,1315.44,1315.52,1315.6,1315.68,1315.76,1315.84,1315.92,1316,1316.08,1316.16,1316.24,1316.32,1316.4,1316.48,1316.56,1316.64,1316.72,1316.8,1316.88,1316.96,1317.04,1317.12,1317.2,1317.28,1317.36,1317.44,1317.52,1317.6,1317.68,1317.76,1317.84,1317.92,1318,1318.08,1318.16,1318.24,1318.32,1318.4,1318.48,1318.56,1318.64,1318.72,1318.8,1318.88,1318.96,1319.04,1319.12,1319.2,1319.28,1319.36,1319.44,1319.52,1319.6,1319.68,1319.76,1319.84,1319.92,1320,1320.08,1320.16,1320.24,1320.32,1320.4,1320.48,1320.56,1320.64,1320.72,1320.8,1320.88,1320.96,1321.04,1321.12,1321.2,1321.28,1321.36,1321.44,1321.52,1321.6,1321.68,1321.76,1321.84,1321.92,1322,1322.08,1322.16,1322.24,1322.32,1322.4,1322.48,1322.56,1322.64,1322.72,1322.8,1322.88,1322.96,1323.04,1323.12,1323.2,1323.28,1323.36,1323.44,1323.52,1323.6,1323.68,1323.76,1323.84,1323.92,1324,1324.08,1324.16,1324.24,1324.32,1324.4,1324.48,1324.56,1324.64,1324.72,1324.8,1324.88,1324.96,1325.04,1325.12,1325.2,1325.28,1325.36,1325.44,1325.52,1325.6,1325.68,1325.76,1325.84,1325.92,1326,1326.08,1326.16,1326.24,1326.32,1326.4,1326.48,1326.56,1326.64,1326.72,1326.8,1326.88,1326.96,1327.04,1327.12,1327.2,1327.28,1327.36,1327.44,1327.52,1327.6,1327.68,1327.76,1327.84,1327.92,1328,1328.08,1328.16,1328.24,1328.32,1328.4,1328.48,1328.56,1328.64,1328.72,1328.8,1328.88,1328.96,1329.04,1329.12,1329.2,1329.28,1329.36,1329.44,1329.52,1329.6,1329.68,1329.76,1329.84,1329.92,1330,1330.08,1330.16,1330.24,1330.32,1330.4,1330.48,1330.56,1330.64,1330.72,1330.8,1330.88,1330.96,1331.04,1331.12,1331.2,1331.28,1331.36,1331.44,1331.52,1331.6,1331.68,1331.76,1331.84,1331.92,1332,1332.08,1332.16,1332.24,1332.32,1332.4,1332.48,1332.56,1332.64,1332.72,1332.8,1332.88,1332.96,1333.04,1333.12,1333.2,1333.28,1333.36,1333.44,1333.52,1333.6,1333.68,1333.76,1333.84,1333.92,1334,1334.08,1334.16,1334.24,1334.32,1334.4,1334.48,1334.56,1334.64,1334.72,1334.8,1334.88,1334.96,1335.04,1335.12,1335.2,1335.28,1335.36,1335.44,1335.52,1335.6,1335.68,1335.76,1335.84,1335.92,1336,1336.08,1336.16,1336.24,1336.32,1336.4,1336.48,1336.56,1336.64,1336.72,1336.8,1336.88,1336.96,1337.04,1337.12,1337.2,1337.28,1337.36,1337.44,1337.52,1337.6,1337.68,1337.76,1337.84,1337.92,1338,1338.08,1338.16,1338.24,1338.32,1338.4,1338.48,1338.56,1338.64,1338.72,1338.8,1338.88,1338.96,1339.04,1339.12,1339.2,1339.28,1339.36,1339.44,1339.52,1339.6,1339.68,1339.76,1339.84,1339.92,1340,1340.08,1340.16,1340.24,1340.32,1340.4,1340.48,1340.56,1340.64,1340.72,1340.8,1340.88,1340.96,1341.04,1341.12,1341.2,1341.28,1341.36,1341.44,1341.52,1341.6,1341.68,1341.76,1341.84,1341.92,1342,1342.08,1342.16,1342.24,1342.32,1342.4,1342.48,1342.56,1342.64,1342.72,1342.8,1342.88,1342.96,1343.04,1343.12,1343.2,1343.28,1343.36,1343.44,1343.52,1343.6,1343.68,1343.76,1343.84,1343.92,1344,1344.08,1344.16,1344.24,1344.32,1344.4,1344.48,1344.56,1344.64,1344.72,1344.8,1344.88,1344.96,1345.04,1345.12,1345.2,1345.28,1345.36,1345.44,1345.52,1345.6,1345.68,1345.76,1345.84,1345.92,1346,1346.08,1346.16,1346.24,1346.32,1346.4,1346.48,1346.56,1346.64,1346.72,1346.8,1346.88,1346.96,1347.04,1347.12,1347.2,1347.28,1347.36,1347.44,1347.52,1347.6,1347.68,1347.76,1347.84,1347.92,1348,1348.08,1348.16,1348.24,1348.32,1348.4,1348.48,1348.56,1348.64,1348.72,1348.8,1348.88,1348.96,1349.04,1349.12,1349.2,1349.28,1349.36,1349.44,1349.52,1349.6,1349.68,1349.76,1349.84,1349.92,1350,1350.08,1350.16,1350.24,1350.32,1350.4,1350.48,1350.56,1350.64,1350.72,1350.8,1350.88,1350.96,1351.04,1351.12,1351.2,1351.28,1351.36,1351.44,1351.52,1351.6,1351.68,1351.76,1351.84,1351.92,1352,1352.08,1352.16,1352.24,1352.32,1352.4,1352.48,1352.56,1352.64,1352.72,1352.8,1352.88,1352.96,1353.04,1353.12,1353.2,1353.28,1353.36,1353.44,1353.52,1353.6,1353.68,1353.76,1353.84,1353.92,1354,1354.08,1354.16,1354.24,1354.32,1354.4,1354.48,1354.56,1354.64,1354.72,1354.8,1354.88,1354.96,1355.04,1355.12,1355.2,1355.28,1355.36,1355.44,1355.52,1355.6,1355.68,1355.76,1355.84,1355.92,1356,1356.08,1356.16,1356.24,1356.32,1356.4,1356.48,1356.56,1356.64,1356.72,1356.8,1356.88,1356.96,1357.04,1357.12,1357.2,1357.28,1357.36,1357.44,1357.52,1357.6,1357.68,1357.76,1357.84,1357.92,1358,1358.08,1358.16,1358.24,1358.32,1358.4,1358.48,1358.56,1358.64,1358.72,1358.8,1358.88,1358.96,1359.04,1359.12,1359.2,1359.28,1359.36,1359.44,1359.52,1359.6,1359.68,1359.76,1359.84,1359.92,1360,1360.08,1360.16,1360.24,1360.32,1360.4,1360.48,1360.56,1360.64,1360.72,1360.8,1360.88,1360.96,1361.04,1361.12,1361.2,1361.28,1361.36,1361.44,1361.52,1361.6,1361.68,1361.76,1361.84,1361.92,1362,1362.08,1362.16,1362.24,1362.32,1362.4,1362.48,1362.56,1362.64,1362.72,1362.8,1362.88,1362.96,1363.04,1363.12,1363.2,1363.28,1363.36,1363.44,1363.52,1363.6,1363.68,1363.76,1363.84,1363.92,1364,1364.08,1364.16,1364.24,1364.32,1364.4,1364.48,1364.56,1364.64,1364.72,1364.8,1364.88,1364.96,1365.04,1365.12,1365.2,1365.28,1365.36,1365.44,1365.52,1365.6,1365.68,1365.76,1365.84,1365.92,1366,1366.08,1366.16,1366.24,1366.32,1366.4,1366.48,1366.56,1366.64,1366.72,1366.8,1366.88,1366.96,1367.04,1367.12,1367.2,1367.28,1367.36,1367.44,1367.52,1367.6,1367.68,1367.76,1367.84,1367.92,1368,1368.08,1368.16,1368.24,1368.32,1368.4,1368.48,1368.56,1368.64,1368.72,1368.8,1368.88,1368.96,1369.04,1369.12,1369.2,1369.28,1369.36,1369.44,1369.52,1369.6,1369.68,1369.76,1369.84,1369.92,1370,1370.08,1370.16,1370.24,1370.32,1370.4,1370.48,1370.56,1370.64,1370.72,1370.8,1370.88,1370.96,1371.04,1371.12,1371.2,1371.28,1371.36,1371.44,1371.52,1371.6,1371.68,1371.76,1371.84,1371.92,1372,1372.08,1372.16,1372.24,1372.32,1372.4,1372.48,1372.56,1372.64,1372.72,1372.8,1372.88,1372.96,1373.04,1373.12,1373.2,1373.28,1373.36,1373.44,1373.52,1373.6,1373.68,1373.76,1373.84,1373.92,1374,1374.08,1374.16,1374.24,1374.32,1374.4,1374.48,1374.56,1374.64,1374.72,1374.8,1374.88,1374.96,1375.04,1375.12,1375.2,1375.28,1375.36,1375.44,1375.52,1375.6,1375.68,1375.76,1375.84,1375.92,1376,1376.08,1376.16,1376.24,1376.32,1376.4,1376.48,1376.56,1376.64,1376.72,1376.8,1376.88,1376.96
channel_1,-62.8915,-66.968,-62.1968,-63.7188,-62.1968,-61.3218,-60.1753,-60.5983,-61.3218,-60.1753,-60.5983,-59.9744,-64.2002,-60.5983,-64.2002,-59.4324,-60.5983,-62.5303,-61.8872,-71.7787,-64.7535,-61.8872,-59.7861,-69.5129,-64.2002,-60.8263,-66.0983,-62.8915,-61.3218,-60.5983,-61.067,-60.8263,-61.8872,-68.0567,-60.8263,-62.1968,-68.0567,-64.2002,-60.1753,-65.374,-71.7197,-60.8263,-64.2002,-59.2658,-60.5983,-61.5924,-60.1753,-62.1968,-63.7188,-59.9744,-58.7983,-64.7535,-63.7188,-60.8263,-61.8872,-60.5983,-58.1203,-69.5129,-61.3218,-61.8872,-61.5924,-68.0567,-60.8263,-60.5983,-62.5303,-61.067,-60.3817,-61.067,-62.8915,-61.5924,-60.5983,-64.7535,-63.2854,-65.374,-59.4324,-61.8872,-61.3218,-61.067,-61.8872,-62.1968,-61.067,-61.8872,-62.8915,-65.374,-62.8915,-62.8915,-65.374,-59.4324,-62.5303,-61.5924,-60.3817,-59.4324,-60.8263,-61.3218,-61.3218,-59.6057,-61.5924,-60.3817,-76.6098,-59.4324,-69.5129,-63.2854,-71.7197,-61.067,-61.5924,-60.8263,-60.5983,-59.7861,-60.5983,-58.9476,-60.1753,-61.8872,-59.2658,-61.3218,-62.1968,-61.067,-60.5983,-60.5983,-62.5303,-59.2658,-59.7861,-59.9744,-64.2002,-62.8915,-64.7535,-61.5924,-63.2854,-60.3817,-58.9476,-68.0567,-63.2854,-60.5983,-63.2854,-62.1968,-61.8872,-62.8915,-76.4326,-66.0983,-61.5924,-61.8872,-64.2002,-61.8872,-59.1054,-66.0983,-60.8263,-61.5924,-61.067,-64.2002,-63.7188,-61.067,-62.5303,-64.2002,-62.1968,-60.3817,-71.7197,-62.5303,-61.5924,-60.8263,-59.6057,-63.7188,-76.4326,-63.7188,-61.8872,-61.5924,-61.8872,-61.8872,-61.8872,-59.4324,-59.1054,-63.2854,-61.067,-64.2002,-63.2854,-60.1753,-60.8263,-76.6098,-65.374,-64.7535,-59.9744,-61.8872,-62.5303,-61.8872,-59.9744,-62.1968,-61.3218,-62.8915,-60.8263,-71.7787,-66.968,-61.8872,-61.5924,-62.1968,-76.6098,-60.1753,-62.5303,-59.9744,-60.8263,-61.067,-59.7861,-69.5129,-62.1968,-62.1968,-61.8872,-61.3218,-61.8872,-61.8872,-61.3218,-59.9744,-61.8872,-61.3218,-60.8263,-63.2854,-59.9744,-64.2002,-61.5924,-61.067,-65.374,-61.3218,-59.7861,-66.968,-59.1054,-62.5303,-61.5924,-63.2854,-60.3817,-59.9744,-59.6057,-64.2002,-58.3789,-61.8872,-64.7535,-59.2658,-60.8263,-61.3218,-61.8872,-57.2126,-60.8263,-60.1753,-59.7861,-63.2854,-59.4324,-61.8872,-63.2854,-59.9744,-61.5924,-59.1054,-60.5983,-62.8915,-60.5983,-62.1968,-60.3817,-61.067,-60.3817,-62.1968,-61.8872,-61.067,-61.067,-61.3218,-60.1753,-59.9744,-58.7983,-62.8915,-59.4324,-59.9744,-61.8872,-65.374,-61.8872,-62.5303,-59.7861,-63.7188,-60.8263,-58.5143,-59.6057,-63.7188,-61.067,-61.067,-64.2002,-59.9744,-59.1054,-61.5924,-59.2658,-62.1968,-58.5143,-64.2002,-61.5924,-60.3817,-62.5303,-61.5924,-60.3817,-61.3218,-62.1968,-64.2002,-60.8263,-66.968,-64.2002,-63.7188,-61.3218,-59.7861,-61.5924,-61.5924,-66.0983,-59.7861,-62.1968,-59.7861,-63.2854,-63.7188,-64.2002,-59.6057,-61.3218,-60.1753,-60.8263,-61.067,-60.5983,-71.7787,-71.7197,-59.9744,-62.5303,-68.0567,-61.8872,-62.1968,-63.7188,-62.1968,-62.1968,-61.3218,-62.8915,-63.7188,-62.1968,-59.1054,-61.067,-63.2854,-62.8915,-63.2854,-61.8872,-66.0983,-64.2002,-62.8915,-63.7188,-63.7188,-64.2002,-61.067,-64.7535,-60.5983,-61.8872,-62.1968,-61.5924,-60.8263,-61.3218,-62.8915,-60.1753,-60.1753,-59.7861,-59.9744,-61.3218,-58.6539,-60.3817,-60.5983,-76.6098,-63.7188,-64.2002,-63.2854,-63.7188,-65.374,-60.1753,-60.3817,-60.3817,-64.7535,-62.8915,-65.374,-64.2002,-68.0567,-63.7188,-62.8915,-60.8263,-63.2854,-63.2854,-62.5303,-61.8872,-60.5983,-64.7535,-62.5303,-66.0983,-62.5303,-66.0983,-58.7983,-66.0983,-62.5303,-61.8872,-59.6057,-62.5303,-63.2854,-61.3218,-63.2854,-63.7188,-61.8872,-71.7197,-64.7535,-69.5129,-62.1968,-59.6057,-60.8263,-60.8263,-61.3218,-61.5924,-61.3218,-59.7861,-62.5303,-63.2854,-62.5303,-64.7535,-64.2002,-64.7535,-59.1054,-59.2658,-62.5303,-60.8263,-59.4324,-62.8915,-62.5303,-61.3218,-61.8872,-59.2658,-61.3218,-62.5303,-61.3218,-66.968,-62.8915,-63.2854,-63.7188,-63.2854,-64.2002,-59.6057,-62.5303,-61.3218,-69.5129,-60.8263,-64.2002,-61.067,-66.0983,-59.6057,-60.5983,-59.4324,-61.8872,-76.6098,-61.067,-62.5303,-64.7535,-61.8872,-61.067,-64.2002,-61.5924,-59.9744,-61.8872,-62.5303,-62.5303,-63.2854,-59.1054,-65.374,-61.067,-68.0567,-63.2854,-61.067,-60.3817,-59.9744,-66.0983,-59.9744,-59.4324,-59.9744,-62.1968,-62.1968,-61.5924,-60.8263,-60.8263,-59.7861,-61.3218,-63.7188,-60.8263,-61.067,-64.2002,-59.1054,-61.8872,-63.2854,-62.1968,-63.7188,-64.7535,-62.8915,-68.0567,-61.3218,-63.2854,-64.2002,-61.3218,-61.5924,-64.7535,-63.2854,-61.067,-64.7535,-64.2002,-59.9744,-65.374,-60.5983,-63.7188,-63.2854,-61.8872,-60.5983,-61.8872,-59.4324,-62.8915,-60.1753,-66.968,-63.7188,-61.3218,-63.7188,-59.9744,-63.2854,-59.9744,-62.1968,-61.067,-63.2854,-62.8915,-61.3218,-60.8263,-60.1753,-60.8263,-61.8872,-59.9744,-66.0983,-62.5303,-64.2002,-64.2002,-59.7861,-60.8263,-61.3218,-64.2002,-64.7535,-59.6057,-60.8263,-61.067,-62.5303,-59.9744,-62.5303,-58.7983,-62.5303,-64.7535,-71.7787,-65.374,-61.5924,-61.3218,-68.0567,-61.8872,-66.968,-60.8263,-62.5303,-64.2002,-64.7535,-61.067,-63.2854,-76.6098,-60.8263,-59.6057,-60.8263,-61.067,-61.8872,-66.0983,-62.8915,-60.3817,-65.3605,-65.374,-59.1054,-76.4326,-60.5983,-58.2477,-63.2854,-62.8915,-61.5924,-61.8872,-62.1968,-61.3218,-62.5303,-60.8263,-62.8915,-62.8915,-76.4326,-61.5924,-60.5983,-61.8872,-60.5983,-60.5983,-59.7861,-62.1968,-62.1968,-61.8872,-60.8263,-62.5303,-61.3218,-66.968,-62.1968,-61.5924,-62.5303,-65.374,-62.1968,-61.8872,-62.5303,-64.2002,-60.8263,-60.8263,-60.3817,-62.5303,-59.4324,-63.2854,-59.4324,-62.8915,-61.3218,-76.6098,-59.6057,-71.7787,-59.4324,-71.7787,-60.3817,-60.8263,-62.5303,-59.7861,-61.5924,-66.0983,-61.8872,-59.9744,-61.5924,-68.0567,-64.7535,-62.8915,-62.5303,-61.3218,-60.3817,-61.8872,-60.5983,-64.2002,-62.8915,-64.2002,-66.968,-62.8915,-66.9681,-62.8915,-63.7188,-61.3218,-64.2002,-62.8915,-62.5303,-62.1968,-60.8263,-66.0983,-62.8915,-66.0983,-59.1054,-64.7535,-65.374,-71.7787,-71.7787,-61.5924,-64.7535,-61.067,-60.5983,-64.2002,-59.1054,-65.374,-61.3218,-62.1968,-61.3218,-68.0567,-62.5303,-58.6539,-60.8263,-63.2854,-60.3817,-59.7861,-61.3218,-63.7188,-65.374,-62.8915,-63.7188,-66.968,-62.1968,-59.7861,-62.8915,-62.5303,-60.5983,-71.7787,-66.0983,-59.4324,-69.5129,-61.8872,-61.067,-63.7188,-59.4324,-62.5303,-61.5924,-61.067,-61.5924,-59.9744,-64.7535,-62.1968,-61.5924,-59.4324,-64.7417,-64.2002,-62.5303,-68.0567,-62.1968,-61.5924,-64.2002,-59.6057,-62.1968,-76.4326,-63.7188,-66.0983,-60.5983,-63.7188,-66.0983,-61.3218,-63.7188,-64.7535,-61.067,-63.7188,-64.7535,-76.6098,-62.8915,-68.0567,-59.1054,-69.5129,-61.8872,-60.8263,-61.067,-60.5983,-61.8872,-58.5143,-63.7188,-59.6057,-61.5924,-61.5924,-59.4324,-61.3218,-68.0567,-63.7188,-61.3218,-60.1753,-61.3218,-60.3817,-61.5924,-65.374,-61.067,-60.5983,-61.8872,-62.5303,-64.2002,-60.8263,-69.5129,-60.8263,-60.1753,-66.968,-66.968,-61.5924,-60.8263,-64.2002,-62.5303,-61.067,-61.3218,-62.8915,-61.5924,-66.0983,-65.374,-59.9744,-60.3817,-60.3817,-62.8915,-62.1968,-66.968,-61.067,-64.7535,-68.0567,-62.1968,-61.5924,-63.7188,-60.8263,-59.9744,-62.8915,-60.8263,-69.5129,-63.2854,-62.5303,-58.9476,-60.8263,-71.7197,-64.2002,-66.968,-63.7188,-60.8263,-68.0567,-61.067,-58.6539,-69.5129,-71.7197,-76.6098,-61.3218,-61.5924,-61.8872,-60.8263,-61.8872,-61.5924,-64.2002,-60.1753,-63.2854,-61.8872,-64.2002,-63.2854,-61.067,-61.3218,-65.374,-60.5983,-66.968,-65.374,-64.7535,-63.7188,-64.2002,-64.2002,-62.5303,-66.0983,-58.1203,-59.7861,-62.8915,-63.7188,-71.7787,-62.5303,-62.1968,-62.1968,-62.5303,-61.3218,-60.5983,-64.7535,-62.8915,-66.968,-63.7188,-65.374,-66.0983,-62.5303,-65.374,-62.8915,-59.1054,-60.5983,-61.067,-61.5924,-61.5924,-66.968,-68.0567,-62.1968,-59.7861,-59.6057,-65.374,-76.4326,-65.374,-63.7188,-64.7535,-64.7535,-61.067,-76.4326,-58.9476,-61.3218,-62.8915,-64.2002,-59.7861,-61.5924,-69.5129,-61.8872,-59.7861,-61.5924,-66.968,-64.7535,-68.0567,-59.7861,-63.2854,-59.9744,-65.374,-61.5924,-71.7197,-61.8872,-60.3817,-64.2002,-71.7787,-63.7188,-61.3218,-61.067,-62.1968,-62.8915,-65.374,-61.3218,-59.7861,-66.0983,-60.3817,-62.5303,-64.2002,-66.0983,-71.7197,-61.3218,-66.968,-66.968,-60.3817,-69.5129,-63.2854,-62.1968,-62.1968,-60.3817,-65.374,-65.374,-61.067,-62.5303,-60.8263,-71.7787,-60.5983,-61.5924,-66.0983,-59.4324,-62.1968,-63.7188,-69.5129,-61.3218,-62.8915,-62.8915,-66.0983,-62.1968,-62.5303,-61.067,-60.8263,-63.7188,-61.8872,-63.2854,-64.2002,-61.3218,-62.1968,-62.8915,-62.1968,-66.0983,-66.968,-61.5924,-63.2854,-60.5983,-59.6057,-61.8872,-60.8263,-60.1753,-61.5924,-61.5924,-64.7535,-60.8263,-63.2854,-61.067,-59.2658,-61.3218,-59.1054,-62.8915,-60.8263,-62.1968,-61.8872,-61.8872,-63.7188,-62.5303,-69.5129,-68.0567,-63.7188,-64.2002,-61.8872,-59.7861,-59.9744,-63.2854,-62.1968,-63.2854,-62.1968,-60.1753,-65.374,-64.2002,-63.7188,-62.1968,-65.374,-60.3817,-61.5924,-58.6539,-60.8263,-60.8263,-60.8263,-59.2658,-61.8872,-65.374,-61.5924,-59.6057,-60.8263,-59.7861,-62.5303,-59.2658,-64.7535,-62.1968,-59.1054,-64.7535,-62.1968,-62.1968,-59.2658,-62.8915,-60.8263,-64.2002,-63.2854,-66.9681,-61.8872,-59.6057,-68.0567,-61.3218,-64.2002,-66.0983,-64.7535,-60.1753,-66.0983,-63.7188,-61.067,-62.8915,-61.8872,-59.6057,-62.8915,-61.3218,-61.067,-60.5983,-62.1968,-59.9744,-64.7535,-64.2002,-71.7197,-62.1968,-63.2854,-62.8915,-62.1968,-62.5303,-65.374,-66.968,-61.067,-60.5983,-60.5983,-60.8263,-60.8263,-59.9744,-62.1968,-58.9476,-62.1968,-59.6057,-60.8263,-61.067,-66.0983,-62.5303,-60.8263,-64.7535,-59.7861,-59.7861,-62.8915,-65.374,-60.1753,-65.374,-62.1968,-68.0567,-58.9476,-61.067,-62.8915,-64.2002,-63.7188,-61.5924,-62.5303,-64.7535,-61.067,-61.067,-62.1968,-65.374,-66.0983,-61.067,-60.8263,-66.0983,-59.6057,-61.8872,-64.2002,-64.7535,-59.2658,-65.374,-60.3817,-76.4326,-64.7535,-65.374,-60.1753,-63.7188,-62.1968,-66.968,-61.8872,-63.2854,-61.5924,-69.5129,-61.8872,-65.374,-63.7188,-71.7787,-65.374,-62.8915,-61.5924,-76.4326,-62.5303,-65.374,-64.7535,-69.5129,-62.5303,-66.968,-61.5924,-66.968,-62.1968,-60.3817,-66.968,-61.5924,-60.5983,-62.1968,-59.7861,-61.067,-62.1968,-65.374,-66.968,-63.7188,-68.0567,-61.067,-64.2002,-63.2854,-62.8915,-65.374,-65.374,-61.8872,-59.1054,-66.0983,-61.3218,-62.1968,-62.1968,-61.5924,-68.0567,-60.3817,-60.3817,-58.9476,-61.067,-59.2658,-59.4324,-59.7861,-60.3817,-76.6098,-59.9744,-60.1753,-66.0983,-61.8872,-61.3218,-61.067,-63.7188,-60.8263,-63.2854,-64.7535,-59.7861,-66.0983,-61.3218,-59.2658,-59.9744,-66.968,-63.2854,-60.3817,-61.5924,-61.3218,-64.7535,-63.7188,-61.3218,-66.0823,-61.5924,-61.067,-65.374,-60.3817,-68.0567,-61.8872,-60.8263,-59.7861,-61.5924,-59.7861,-61.3218,-59.4324,-61.8872,-61.067,-62.5303,-59.4324,-63.7188,-60.8263,-65.374,-64.7535,-64.2002,-62.5303,-63.2854,-68.0567,-62.1968,-68.0567,-61.8872,-63.7188,-69.5129,-62.5303,-61.5924,-62.1968,-61.8872,-61.8872,-61.3218,-64.2002,-69.5129,-61.5924,-60.3817,-66.0983,-64.2002,-62.5303,-59.1054,-61.5924,-64.2002,-59.7861,-63.7188,-62.5303,-62.8915,-60.5983,-76.6098,-59.9744,-61.8872,-64.2002,-71.7197,-61.3218,-66.968,-61.5924,-68.0567,-59.2658,-64.7535,-69.5129,-60.1753,-76.4326,-60.5983,-63.2854,-60.3817,-66.968,-60.8263,-61.5924,-60.1753,-62.8915,-58.7983,-61.5924,-59.9744,-59.6057,-65.374,-59.6057,-63.2854,-61.8872,-62.5303,-61.8872,-59.9744,-61.067,-59.9744,-60.8263,-76.4326,-66.0983,-62.1968,-59.1054,-59.2658,-61.067,-61.5924,-60.5983,-61.067,-59.2658,-64.2002,-62.1968,-60.8263,-64.7535,-60.8263,-63.7188,-61.067,-63.2854,-60.5983,-61.5924,-65.374,-64.2002,-60.8263,-61.3218,-69.5129,-76.6098,-64.7535,-60.3817,-61.067,-61.5924,-62.1968,-65.374,-60.1753,-59.7861,-59.9744,-62.5303,-61.3218,-65.374,-62.8915,-59.2658,-63.7188,-64.2002,-63.7188,-58.6539,-59.4324,-69.5129,-59.1054,-61.067,-60.3817,-60.5983,-63.2854,-71.7787,-61.3218,-66.0983,-76.6098,-65.374,-62.8915,-61.3218,-62.8915,-62.1968,-59.9744,-62.5303,-64.7535,-66.0983,-64.7535,-58.7983,-61.067,-60.8263,-63.2854,-63.2854,-65.374,-60.8263,-60.8263,-68.0567,-71.7197,-66.0983,-61.067,-60.3817,-63.2854,-60.8263,-63.2854,-61.067,-60.1753,-65.374,-62.5303,-76.4326,-61.067,-64.7535,-64.2002,-64.2002,-66.0983,-64.2002,-61.5924,-62.5303,-64.7535,-60.1753,-68.0567,-61.5924,-61.5924,-61.067,-61.067,-66.0983,-62.8915,-63.2854,-61.5924,-63.2854,-60.8263,-64.7535,-60.5983,-63.7188,-61.067,-63.2854,-61.3218,-65.374,-63.7188,-62.1968,-60.8263,-65.374,-68.0567,-60.3817,-76.6098,-64.7535,-63.7188,-60.8263,-69.5129,-61.5924,-62.1968,-63.2854,-69.5129,-64.2002,-64.2002,-62.1968,-60.1753,-65.374,-61.5924,-63.2854,-61.067,-59.9744,-60.5983,-59.2658,-60.5983,-61.5924,-63.2854,-62.8915,-59.6057,-64.7535,-62.1968,-62.5303,-61.8872,-59.9744,-64.2002,-63.2854,-61.5924,-60.5983,-60.5983,-61.8872,-61.3218,-59.6057,-61.8872,-60.3817,-61.8872,-62.1968,-63.7188,-60.1753,-71.7787,-63.2854,-60.5983,-63.2854,-63.2854,-69.5129,-63.2854,-60.8263,-60.3817,-61.8872,-64.7535,-61.8872,-60.8263,-60.1753,-60.8263,-61.067,-60.8263,-61.3218,-59.6057,-76.6098,-61.3218,-58.9476,-60.8263,-71.7787,-63.2854,-60.1753,-59.1054,-61.8872,-60.3817,-62.1968,-62.5303,-62.1968,-59.9744,-61.3218,-63.2854,-61.8872,-63.2854,-61.067,-59.4324,-62.5303,-68.0567,-61.5924,-66.968,-61.067
channel_2,-30.8275,-31.9867,-31.0341,-31.0927,-31.7447,-30.6603,-31.2922,-30.8485,-32.6246,-31.3213,-31.6577,-32.2742,-31.4306,-32.2149,-30.8786,-31.6046,-31.3266,-31.4576,-31.276,-31.37,-32.2926,-31.3612,-32.3619,-31.3943,-32.4621,-31.7625,-32.0463,-32.9155,-31.7271,-33.038,-31.5302,-32.933,-32.1193,-32.1026,-32.3603,-31.2745,-32.6452,-31.2708,-32.4474,-31.486,-32.2318,-31.9019,-31.5668,-32.5217,-31.3586,-32.637,-31.3716,-32.6114,-31.9882,-31.8699,-32.1635,-31.5109,-32.7632,-31.5549,-32.8052,-31.7326,-32.1603,-32.0023,-31.6469,-32.9583,-31.734,-32.8585,-31.8684,-32.4676,-32.522,-32.1441,-33.126,-31.6688,-32.4782,-31.9194,-33.2531,-32.9728,-32.2195,-33.6849,-32.2409,-33.6321,-32.512,-33.4124,-33.3197,-32.8596,-34.0985,-32.7658,-33.7877,-32.7467,-33.6501,-33.027,-33.2724,-33.5677,-32.7981,-33.66,-32.5895,-33.8259,-33.2273,-33.0974,-33.321,-33.0757,-33.7891,-32.7085,-33.7204,-32.9875,-33.2617,-33.0525,-32.9033,-34.0961,-32.9636,-33.0536,-32.6427,-33.472,-33.0962,-32.5944,-33.5176,-32.1866,-33.3532,-32.5555,-32.384,-32.7643,-32.2847,-33.1284,-31.8496,-32.5047,-31.8309,-32.7753,-32.2286,-32.41,-33.2869,-32.2762,-33.341,-31.953,-33.0588,-33.0294,-32.1219,-32.5307,-31.8552,-33.4351,-32.2289,-33.258,-32.8506,-33.1468,-33.1316,-32.2863,-33.8428,-33.0521,-34.0861,-32.8342,-32.9598,-33.4699,-33.2815,-33.6107,-32.6136,-33.5041,-33.0686,-33.107,-33.395,-33.099,-34.0692,-33.0263,-33.0396,-32.9337,-32.6738,-32.8514,-32.5384,-33.5325,-32.8905,-33.2535,-33.0946,-32.9269,-33.3836,-33.1109,-33.9168,-33.1681,-33.6632,-33.4781,-33.4669,-33.9044,-33.0361,-33.6749,-32.9033,-33.6005,-33.7447,-33.8522,-33.9279,-33.1344,-34.1171,-33.8367,-33.7701,-33.2302,-33.4552,-34.0254,-33.7553,-33.9432,-33.2799,-34.3873,-33.903,-33.4638,-33.6384,-34.0717,-34.3623,-33.2844,-33.7562,-34.383,-34.0386,-33.7328,-33.2621,-33.7026,-33.981,-34.0742,-34.0851,-33.7008,-34.3729,-33.5412,-33.3498,-33.7512,-33.7553,-33.8184,-33.5299,-34.1675,-34.1518,-34.2809,-33.5858,-33.7031,-34.7427,-33.9413,-33.9785,-34.1316,-34.715,-34.1281,-33.7984,-34.1091,-33.8513,-34.1276,-34.0643,-34.256,-34.0966,-33.981,-34.2576,-34.1076,-33.9524,-34.0131,-34.39,-34.4566,-34.3889,-34.7746,-34.5859,-34.4146,-34.7398,-34.0579,-34.0322,-34.1457,-34.558,-34.5117,-33.8283,-33.7456,-33.8457,-34.5702,-34.044,-34.0856,-33.9606,-34.257,-35.0514,-34.5814,-35.1819,-34.7531,-34.8227,-34.4189,-33.5198,-33.7803,-33.4103,-33.7539,-33.596,-34.0465,-34.1116,-33.6958,-33.7979,-34.0072,-34.047,-33.6232,-34.0846,-34.2788,-34.0564,-34.2929,-33.8997,-33.6804,-33.8801,-33.9001,-33.7789,-33.336,-33.8612,-33.561,-33.4582,-33.9858,-33.8963,-34.5398,-33.4094,-34.1472,-34.3788,-33.8664,-33.8565,-33.4561,-34.7277,-33.9231,-33.9451,-33.3954,-33.4582,-34.1427,-33.3385,-34.2313,-33.9011,-34.3613,-34.3206,-33.6885,-34.1361,-34.0841,-35.0564,-34.2436,-33.8953,-34.2622,-34.17,-34.4017,-33.3331,-33.9756,-33.9985,-34.1286,-34.0141,-33.6949,-35.0738,-34.4942,-33.4803,-33.7872,-34.4707,-34.815,-33.6758,-34.0583,-34.6257,-34.5002,-34.0826,-33.029,-34.7386,-34.3665,-33.5364,-33.7154,-34.4555,-35.2823,-34.0856,-34.7916,-34.3964,-34.8838,-34.5375,-33.4146,-34.3491,-34.0273,-34.1873,-32.9805,-34.0004,-34.6533,-34.4545,-34.6443,-33.3297,-34.6178,-33.5894,-33.2695,-34.016,-33.7947,-34.767,-33.856,-33.8194,-33.573,-34.0717,-34.284,-33.0127,-33.4218,-33.6049,-34.3013,-33.4703,-33.2956,-34.7173,-34.2087,-34.3264,-33.0725,-33.2183,-34.3091,-33.5885,-33.3853,-33.1673,-33.6881,-33.569,-32.4789,-33.0764,-33.6908,-34.3767,-33.256,-33.0115,-34.047,-33.825,-34.2118,-33.029,-34.1538,-34.4103,-33.6031,-33.8278,-33.3155,-34.791,-33.7558,-33.6138,-33.3751,-33.0733,-34.2976,-33.0123,-33.5942,-33.3126,-34.1381,-34.0436,-33.1903,-34.504,-33.6533,-33.5059,-33.128,-33.146,-34.0633,-33.3331,-33.3671,-32.9269,-33.6063,-34.4545,-33.5619,-33.4664,-32.878,-33.9471,-33.9307,-33.1601,-34.0258,-33.7374,-34.1081,-33.3684,-33.2898,-34.1776,-33.8584,-33.4184,-32.9087,-34.1311,-34.0996,-33.4082,-33.7562,-33.684,-34.4838,-33.9471,-33.5703,-33.4535,-33.5312,-34.1888,-33.0753,-34.2924,-34.2986,-33.7696,-33.7493,-32.9775,-34.767,-34.0791,-34.0175,-33.8241,-33.7351,-35.0663,-33.9384,-33.9946,-34.1472,-33.9586,-34.1771,-33.1689,-33.209,-33.6161,-33.3081,-32.9805,-33.2355,-34.169,-34.3644,-33.3587,-33.1952,-33.6813,-34.2483,-33.9736,-33.4048,-33.5566,-33.5938,-34.0499,-33.0263,-33.3139,-33.9106,-33.5987,-33.2102,-32.6581,-33.4643,-33.2494,-33.3168,-33.3448,-33.0544,-33.6758,-33.8494,-33.5172,-32.8167,-33.3394,-34.0811,-32.9701,-33.3747,-33.5637,-33.3289,-33.0604,-32.4796,-33.224,-33.2171,-33.1006,-32.7507,-33.1556,-33.689,-32.8544,-32.8592,-32.9219,-33.4595,-33.7163,-33.122,-32.8652,-32.3945,-32.3207,-32.4117,-32.5196,-33.058,-32.5786,-32.8716,-33.0631,-32.3492,-33.0792,-32.3616,-32.445,-32.7569,-32.4114,-33.2811,-32.14,-32.4355,-32.3848,-32.474,-33.3143,-32.3686,-33.0714,-32.2795,-32.719,-32.7864,-32.4205,-33.5312,-32.5572,-32.6299,-31.8105,-32.113,-32.8562,-32.472,-33.08,-32.0156,-32.2211,-33.1786,-32.2503,-32.1323,-32.161,-33.0096,-32.3955,-32.1406,-32.8908,-32.0379,-32.5955,-31.8309,-31.6643,-32.4823,-31.6333,-32.1818,-31.9658,-32.4734,-32.6118,-31.5878,-32.2263,-31.8147,-32.657,-32.2477,-31.9103,-32.9269,-31.8692,-32.7383,-32.1815,-32.2072,-33.0396,-31.3488,-32.3979,-31.94,-32.0734,-32.1796,-31.5118,-32.7081,-31.6099,-32.5079,-32.1301,-31.9158,-33.1189,-31.7634,-32.2049,-31.6645,-32.1603,-32.0076,-31.7355,-32.8107,-31.8944,-32.9529,-32.2666,-31.7384,-32.8784,-31.6051,-31.706,-31.3229,-31.8188,-32.1453,-31.5225,-32.1238,-31.43,-31.9494,-31.9698,-31.7184,-32.544,-31.4403,-31.7891,-31.9173,-31.3006,-31.9245,-31.5713,-32.1492,-31.6963,-31.4576,-32.0463,-31.5568,-32.1991,-31.5496,-32.0869,-32.3316,-31.5925,-32.6764,-31.7459,-31.8341,-31.7686,-31.4972,-32.6317,-31.8209,-32.4232,-32.0382,-31.3879,-32.4242,-31.9242,-33.099,-31.7075,-31.7049,-32.7971,-31.5319,-31.9436,-31.2985,-32.2282,-31.8511,-31.3258,-32.1004,-31.3533,-32.5328,-32.0267,-31.2828,-31.8244,-31.2412,-31.6583,-31.0909,-31.6153,-32.0273,-31.5587,-32.1721,-31.2568,-31.5953,-32.0825,-31.4149,-31.5418,-31.2032,-31.4171,-31.4544,-31.0561,-30.9196,-30.7943,-31.2609,-31.1064,-30.7482,-31.0403,-30.9676,-31.2851,-31.002,-31.2076,-31.3634,-31.1275,-31.7791,-31.1293,-31.3844,-31.3919,-31.2211,-31.3024,-30.6375,-31.4843,-31.3469,-31.4072,-31.5774,-30.6337,-31.6509,-31.2134,-31.1099,-31.4789,-30.6689,-31.7894,-30.9425,-31.1703,-31.7459,-30.9134,-31.9079,-30.7913,-31.2768,-31.4411,-30.7843,-30.991,-30.6952,-31.5607,-31.0396,-30.6989,-30.5267,-30.4597,-31.0165,-30.4095,-30.9206,-30.9669,-30.6205,-31.4368,-31.1431,-31.1333,-31.2353,-31.0869,-31.0408,-30.6573,-30.6727,-30.7611,-31.2163,-31.3432,-30.672,-30.5487,-30.4395,-30.6046,-30.9108,-30.3993,-30.7992,-30.7376,-30.7752,-31.2376,-30.7873,-31.9683,-31.3221,-31.4953,-32.1054,-31.0822,-31.9655,-31.4123,-31.0108,-31.2011,-30.9117,-31.5953,-30.7931,-31.0231,-30.9609,-30.876,-31.5696,-30.8783,-31.7958,-31.8232,-31.2475,-31.9491,-31.0069,-31.7785,-31.5109,-31.2982,-31.9119,-30.9932,-31.5175,-31.0238,-31.073,-31.0527,-30.7217,-31.5973,-30.8797,-31.5757,-31.4865,-30.8379,-31.3554,-30.3842,-30.9691,-31.1439,-30.8902,-31.233,-30.7005,-31.6523,-31.4645,-31.1167,-31.2137,-30.692,-31.4802,-31.206,-31.0393,-31.3042,-30.8329,-31.92,-31.863,-31.0005,-31.3839,-30.7203,-31.2443,-31.226,-30.7493,-31.1109,-30.3734,-30.9606,-30.7537,-31.4849,-32.319,-31.029,-31.8645,-31.326,-30.6612,-31.5909,-31.0088,-31.8896,-31.2721,-31.2555,-32.2056,-30.9341,-31.3024,-30.8041,-30.6877,-31.0401,-30.3311,-31.1553,-31.044,-31.2301,-31.2193,-30.8572,-31.6469,-31.2828,-31.2475,-31.474,-31.0398,-31.4956,-31.1305,-30.8525,-30.6438,-30.4485,-30.916,-30.9408,-30.9878,-30.4576,-30.7862,-31.1664,-30.8967,-30.9944,-30.5502,-30.3991,-30.9531,-30.6607,-30.6691,-31.0492,-30.6684,-31.078,-30.5525,-30.4121,-31.3076,-31.0196,-31.1285,-30.4829,-30.8928,-31.1248,-30.66,-30.9954,-30.6135,-31.2731,-31.1647,-30.4288,-30.7461,-30.474,-31.1225,-31.1517,-30.4913,-30.885,-30.885,-31.3684,-30.4922,-30.5114,-30.8859,-30.1467,-30.9452,-30.7229,-30.9971,-31.0722,-30.2149,-30.558,-30.0204,-30.037,-30.3704,-30.42,-30.9022,-30.5339,-30.8067,-31.741,-30.916,-30.7479,-30.6211,-30.6046,-31.2351,-30.6607,-30.4172,-30.6718,-30.407,-30.4664,-30.3706,-30.2147,-30.6057,-30.6084,-30.1269,-30.0015,-30.2116,-30.9737,-30.5728,-30.319,-30.3391,-30.4526,-30.9189,-30.4714,-30.6402,-30.7955,-31.0549,-30.9137,-30.2168,-30.8177,-30.6909,-30.8962,-30.8636,-30.2,-30.6594,-30.1061,-29.9581,-30.3698,-30.2395,-30.6503,-30.2206,-30.2031,-30.6836,-30.8102,-31.2524,-30.7057,-30.7866,-31.1152,-30.6198,-30.3685,-30.3468,-30.5494,-30.5498,-30.3933,-30.2716,-30.1115,-29.7353,-29.8854,-30.1131,-30.1119,-30.3071,-29.9734,-30.6806,-31.2101,-30.6911,-30.516,-30.3571,-30.7892,-31.3014,-30.3557,-30.2944,-30.3238,-30.3325,-30.6218,-30.0358,-30.5894,-30.4602,-30.1409,-30.2116,-29.6775,-30.6693,-30.2741,-29.8234,-30.6191,-30.5606,-30.8245,-30.3565,-29.8218,-30.3325,-30.1708,-29.9601,-30.2514,-30.408,-30.5483,-30.3162,-29.8762,-29.6526,-30.0695,-30.8278,-30.1676,-30.201,-30.4268,-29.5883,-29.8343,-30.1325,-29.9687,-30.071,-29.7664,-30.5819,-30.482,-29.8234,-30.3229,-29.8026,-30.8952,-30.3401,-30.1053,-31.8327,-30.4593,-30.0596,-30.0756,-29.5246,-30.8282,-30.3793,-30.6636,-30.5836,-30.3624,-31.7949,-31.0361,-30.4316,-30.8478,-30.6893,-31.3663,-30.9961,-31.0268,-31.7153,-31.67,-32.2903,-31.1879,-31.2521,-31.7532,-31.2602,-31.7908,-31.0698,-31.3729,-31.8265,-31.4395,-31.8079,-31.3905,-32.1751,-32.3329,-31.5299,-32.3422,-31.8842,-32.06,-32.495,-31.5327,-32.3532,-32.0866,-31.8887,-32.472,-31.8256,-32.6019,-31.954,-31.4335,-32.1914,-31.4958,-32.4923,-32.6459,-31.5095,-31.9079,-31.2669,-32.3793,-32.6083,-31.4074,-32.9064,-31.7445,-31.2911,-32.5123,-31.1358,-31.8535,-31.5181,-31.8351,-33.0773,-31.3519,-31.9947,-31.7718,-31.0902,-32.0472,-30.9256,-31.8627,-31.8188,-31.4633,-32.1898,-30.9834,-31.8126,-31.6396,-31.335,-32.5342,-31.028,-31.5702,-31.7932,-31.4195,-33.0863,-31.8262,-31.5153,-32.0085,-31.0344,-32.1352,-31.6096,-31.4655,-32.0825,-31.1553,-31.8067,-31.3716,-31.0177,-31.792,-31.4775,-32.1263,-32.1311,-31.2677,-31.4688,-31.3406,-32.3767,-32.7694,-31.5518,-31.9974,-31.7829,-31.9959,-32.3793,-31.3727,-32.0326,-31.658,-31.541,-32.706,-32.0881,-32.5576,-31.8276,-31.6948,-32.863,-31.6085,-32.6743,-32.3512,-31.3514,-32.7617,-31.3105,-31.7949,-32.0859,-31.1637,-32.4345,-31.2737,-31.5496,-32.1112,-31.3253,-32.5892,-31.1804,-31.5671,-32.8837,-31.3541,-32.1495,-31.6651,-31.4691,-32.1863,-30.8421,-31.7361,-31.8713,-31.1591,-32.0082,-31.4791,-31.7153,-31.9125,-31.1988,-31.8436,-31.7465,-31.914,-32.285,-32.2011,-32.7963,-32.4737,-32.4764,-33.3076,-32.8694,-33.2527,-33.3646,-32.6203,-33.0828,-32.7303,-32.4686,-32.4236,-32.3399,-32.7245,-32.1153,-32.2468,-32.5158,-32.2696,-33.3904,-32.8739,-31.9215,-33.0243,-32.4297,-32.8178,-32.6973,-32.2441,-33.6125,-32.5987,-32.4155,-32.3952,-32.1943,-33.9553,-32.3996,-32.0998,-33.0057,-32.1782,-33.2964,-32.6438,-31.7216,-32.7742,-32.4844,-32.71,-32.6225,-32.2952,-32.7591,-32.7745,-33.2216,-32.7511,-32.3183,-32.9056,-32.6005,-32.5238,-32.5325,-32.6854,-33.1237,-32.483,-32.545,-32.9798,-32.7093,-32.8495,-32.6764,-32.6642,-33.2175,-33.2126,-33.2523,-33.7627,-33.2069,-33.2355,-33.6009,-32.9624,-32.8141,-32.944,-33.1911,-33.604,-33.6681,-33.5421,-33.013,-32.7786,-32.9284,-32.9,-33.4441,-32.9813,-32.3649,-32.6118,-32.2458,-32.5636,-32.6883,-32.637,-33.6183,-32.7347,-32.0563,-32.3619,-32.1074,-32.4283,-32.492,-32.6178,-32.9193,-32.4909,-32.9583,-33.3122,-33.6321,-34.1959,-32.9875,-32.9624,-33.522,-33.4522,-33.2638,-32.6424,-33.1721,-33.5307,-33.2564,-32.9319,-32.4532,-32.9609,-33.365,-32.8007,-32.4655,-32.0591,-32.16,-32.4117,-32.1763,-32.1168,-32.0606,-31.9941,-31.7115,-31.6538,-31.6923,-32.1895,-32.3606,-31.9533,-32.4385,-32.5688,-31.9674,-31.6512,-31.7783,-32.1645,-32.5082,-31.8055,-31.2763,-31.6885,-32.3871,-32.6317,-32.5085,-31.711,-31.9965,-32.1667,-31.5369,-32.2049,-32.5311,-32.4155,-33.0247,-32.4975,-32.946,-33.6259,-32.6054,-32.6911,-32.6771,-32.5604,-32.9303,-32.6242,-33.2609,-33.4355,-33.0372,-33.3878,-33.0053,-33.2086,-33.5505,-32.9219,-32.6613,-32.719,-33.2964,-33.0943,-32.6175,-32.8026,-32.4084,-32.5283,-32.9337,-32.6449,-33.1037,-33.0407,-33.0053,-33.0915,-32.3726,-32.4491,-32.5495,-32.9883,-33.5133,-33.2741,-33.1609,-33.5871,-33.8783,-34.0762,-33.9727,-33.0298,-33.4278,-33.8194,-33.5996,-33.95,-33.625,-33.0903,-33.3043,-33.8241,-34.1741,-33.9611,-33.6767,-34.3034,-33.6573,-33.311,-33.3785,-33.1689,-33.3285,-33.0513,-33.2236,-33.5827,-33.4039,-33.5987,-33.0978,-32.7816,-33.6908,-33.5845,-33.5747,-33.3616,-33.3633,-34.2405,-33.5929,-33.0029,-33.1681,-33.1093,-33.9625,-33.2939,-32.8581,-33.9183,-33.2989,-33.3662,-33.4501,-33.1181,-34.5775,-34.2856,-33.9853,-34.7992,-34.0826,-34.5625,-34.5315,-33.3882,-33.9111,-33.9804,-34.1939,-34.6262,-33.3705,-33.2232,-33.3289,-33.7742,-33.8892,-33.2634,-34.0956,-34.24,-32.8916,-33.6174,-34.2061,-33.903,-34.1346,-33.5575,-33.6908,-34.198,-33.8438,-34.3948,-34.2986,-33.0474,-33.4854,-32.9094,-33.5474,-33.6641,-32.5172,-33.6677,-33.5141,-33.9207,-34.5987,-33.4218
channel_3,-63.9531,-65.7141,-67.475,-65.7141,-60.708,-62.7038,-73.4956,-62.7038,-63.9531,-60.0713,-61.4544,-61.4544,-63.4956,-73.4956,-73.4956,-67.475,-67.475,-73.4956,NaN,-61.7347,-63.4956,-63.4956,-65.7141,-63.4956,-62.7038,-63.9531,-65.7141,-70.4853,-63.9531,-66.5059,-63.9531,-60.0713,-61.1911,-70.4853,-63.4956,-65.0446,-70.4853,-63.0816,-70.4853,-60.9428,-61.7347,-62.7038,-60.4853,-66.5059,-66.5059,-73.4956,-64.4647,-62.7038,-67.475,-64.4647,-66.5059,-62.3561,-66.5059,-68.7244,-61.4544,-61.4544,-65.7141,-59.5162,-62.3561,-68.7244,-61.4544,-67.475,-61.7347,-62.3561,-67.475,-64.4647,-65.7141,-70.4853,-63.9531,-61.7347,-67.475,-63.0816,-67.475,-68.7244,-61.7347,-61.1911,NaN,-65.0446,-70.4853,-60.708,-68.7244,-63.0816,-63.4956,-59.5162,-64.4647,-65.0446,-66.5059,-64.4647,-61.4544,-73.4956,-70.4853,-70.4853,-73.4956,-64.4647,-64.4647,-60.9428,-63.0816,NaN,-70.4853,-61.4544,-67.475,-65.7141,-65.0446,-61.7347,-66.5059,-70.4853,-63.4956,-65.0446,-65.7141,-63.9531,-60.708,-70.4853,NaN,-61.4544,-66.5059,-63.0816,-67.475,-65.7141,-68.7244,-63.0816,-60.9428,-67.475,-65.7141,-68.7244,-73.4956,-63.9531,-65.0446,-61.4544,-62.7038,-63.4956,-68.7244,-73.4956,-65.0446,-65.0446,-66.5059,-63.0816,-64.4647,-62.7038,-70.4853,-68.7244,-62.0343,-73.4956,-63.4956,-66.5059,-64.4647,-64.4647,-63.4956,-61.4544,NaN,-68.7244,-70.4853,-61.7347,-63.0816,-64.4647,-65.0446,-67.475,-68.7244,-64.4647,-65.0446,-66.5059,-67.475,-66.5059,-70.4853,NaN,-64.4647,-70.4853,-63.4956,-63.4956,-66.5059,-65.0446,-70.4853,-61.1911,-61.1911,-65.7141,-65.0446,-65.7141,NaN,-63.0816,-68.7244,-64.4647,-63.9531,-67.475,-65.7141,NaN,-70.4853,-60.708,-63.9531,-63.0816,-67.475,-65.7141,-70.4853,-61.1911,-63.4956,-73.4956,-70.4853,-63.9531,-66.5059,-66.5059,-65.0446,-61.1911,-66.5059,-73.4956,-73.4956,-63.9531,-65.7141,-65.0446,-65.0446,-62.0343,-64.4647,-63.9531,-66.5059,-68.7244,-73.4956,-63.0816,-64.4647,-62.3561,-64.4647,-61.7347,-61.7347,-61.1911,-68.7244,-73.4956,-68.7244,-61.7347,-64.4647,-61.7347,NaN,-61.7347,-61.4544,-73.4956,-68.7244,-63.0816,-62.3561,-61.7347,-61.4544,-67.475,-60.708,-67.475,-63.0816,-63.0816,-73.4956,-68.7244,-66.5059,-63.0816,-67.475,-73.4956,-62.0343,-64.4647,-68.7244,-67.475,-73.4956,-65.7141,-63.4956,-65.7141,-61.1911,-65.7141,-62.3561,-61.1911,-63.4956,-73.4956,-73.4956,-67.475,-62.0343,-61.1911,-61.1911,-63.4956,-65.7141,-60.9428,-65.0446,-70.4853,-61.7347,-64.4647,-68.7244,-67.475,-68.7244,-65.0446,-62.3561,-64.4647,-68.7244,-73.4956,-60.708,-68.7244,-70.4853,-60.9428,-65.7141,-66.5059,NaN,-63.0816,-70.4853,-73.4956,-60.9428,-63.9531,-63.0816,-63.4956,-67.475,-63.9531,-63.0816,-64.4647,-63.4956,-60.708,-65.7141,-73.4956,-65.7141,-62.0343,-67.475,-65.0446,-65.0446,-64.4647,-67.475,-63.9531,-68.7244,-70.4853,-67.475,NaN,-63.4956,-65.7141,NaN,-63.9531,-64.4647,-64.4647,NaN,-66.5059,-73.4956,-64.4647,-65.7141,-63.0816,-65.7141,-65.7141,-68.7244,-70.4853,NaN,-68.7244,-63.4956,-65.7141,-68.7244,-62.7038,-63.0816,-66.5059,-62.0343,NaN,-62.0343,-64.4647,-65.7141,-62.0343,NaN,-62.0343,-63.9531,-60.9428,-65.7141,-70.4853,-63.0816,-68.7244,-61.4544,-62.3561,-64.4647,-65.7141,-68.7244,-65.0446,-62.3561,-64.4647,-73.4956,-62.7038,-60.4853,-61.7347,-60.4853,-65.7141,-68.7244,NaN,-61.1911,-67.475,-61.4544,-70.4853,-64.4647,-60.9428,-73.4956,-66.5059,-63.0816,-65.0446,-65.7141,-70.4853,-65.0446,-68.7244,-70.4853,-63.4956,-66.5059,-63.9531,-66.5059,-73.4956,-65.7141,NaN,-60.9428,-64.4647,-65.0446,-65.0446,-65.0446,-63.4956,-66.5059,-65.7141,-67.475,-73.4956,-70.4853,-62.3561,-65.7141,-68.7244,-73.4956,-65.7141,-66.5059,-63.4956,-66.5059,-63.9531,-67.475,-63.4956,-66.5059,-73.4956,-63.4956,-68.7244,-61.7347,-70.4853,-64.4647,-62.3561,-65.7141,-67.475,-65.7141,-73.4956,-66.5059,-68.7244,-68.7244,-62.7038,-60.9428,-73.4956,-63.4956,-73.4956,-62.0343,-66.5059,-68.7244,-63.4956,-65.0446,-68.7244,-67.475,-60.708,-61.1911,-65.0446,-66.5059,-62.3561,-68.7244,-65.7141,-62.7038,-66.5059,-66.5059,-68.7244,-63.0816,-68.7244,-70.4853,NaN,-65.7141,-70.4853,NaN,NaN,-73.4956,-63.9531,-65.7141,-65.0446,-67.475,-63.9531,-67.475,-64.4647,-63.9531,-63.9531,-62.3561,-65.7141,-61.7347,-64.4647,-62.7038,-70.4853,-65.0446,-62.3561,-63.9531,-66.5059,-70.4853,-62.3561,-63.4956,-68.7244,-65.0446,-61.7347,-65.7141,-62.7038,-61.7347,-63.4956,-65.7141,-70.4853,-63.0816,-67.475,-70.4853,-64.4647,-62.0343,-65.7141,NaN,-66.5059,-64.4647,-60.708,-63.4956,-64.4647,-67.475,NaN,-67.475,NaN,-70.4853,-62.3561,-62.0343,-67.475,-67.475,-63.0816,-70.4853,-70.4853,-66.5059,-64.4647,-61.7347,-61.1911,-66.5059,-64.4647,-60.2734,NaN,NaN,-61.4544,-68.7244,-65.0446,-73.4956,-60.9428,-68.7244,-70.4853,-63.9531,-63.9531,-66.5059,-60.708,-73.4956,-63.4956,-65.7141,-65.0446,-66.5059,-73.4956,-65.7141,-63.0816,-61.1911,-66.5059,-60.4853,-73.4956,-62.7038,-73.4956,-63.9531,-66.5059,-65.7141,-66.5059,-60.4853,-68.7244,-61.4544,-62.0343,-70.4853,-62.3561,-65.7141,-63.9531,-62.7038,-66.5059,-63.0816,-73.4956,-65.0446,-73.4956,NaN,-73.4956,-64.4647,-65.0446,-68.7244,-61.4544,-70.4853,-68.7244,-68.7244,-73.4956,-64.4647,-63.9531,-64.4647,-70.4853,-66.5059,-65.0446,-70.4853,-60.708,-60.4853,-64.4647,-67.475,-65.0446,-62.0343,-66.5059,-70.4853,-70.4853,-65.0446,-66.5059,-65.7141,NaN,-63.4956,-65.0446,-68.7244,-65.7141,-66.5059,-62.7038,-65.7141,-70.4853,-65.7141,-70.4853,-70.4853,-64.4647,-65.0446,-70.4853,-68.7244,NaN,-61.4544,-59.5162,-73.4956,-63.9531,-68.7244,-63.0816,-73.4956,-64.4647,-68.7244,-67.475,-64.4647,-63.4956,-61.1911,-70.4853,-68.7244,-67.475,-65.0446,-70.4853,-62.0343,-64.4647,-73.4956,-68.7244,-70.4853,-68.7244,-70.4853,-63.0816,-63.9531,-67.475,-64.4647,-65.7141,-60.708,-63.9531,-70.4853,-61.7347,-62.7038,-65.0446,-62.3561,-65.0446,-70.4853,-61.4544,-67.475,-64.4647,-65.0446,-65.0446,-68.7244,-60.9428,-62.7038,-65.7141,-63.9531,-67.475,-65.0446,-68.7244,-66.5059,-66.5059,-65.0446,-73.4956,-63.4956,-67.475,-73.4956,-64.4647,-60.9428,-63.9531,-63.0816,-65.7141,-68.7244,-62.0343,-60.708,-67.475,-73.4956,-68.7244,NaN,-61.1911,-59.5162,-63.0816,-60.4853,NaN,NaN,-61.7347,-68.7244,-67.475,-65.0446,-65.0446,-61.4544,-61.7347,-64.4647,-66.5059,-68.7244,-67.475,-64.4647,-64.4647,-67.475,-63.9531,-73.4956,-65.7141,-68.7244,-61.7347,-70.4853,-62.0343,-73.4956,-70.4853,-62.3561,-68.7244,-62.0343,-63.9531,-67.475,-65.0446,-68.7244,-67.475,-68.7244,-64.4647,-64.4647,-61.7347,-62.7038,-64.4647,-66.5059,-60.9428,-68.7244,-65.7141,-70.4853,-61.4544,-65.7141,-65.0446,-60.2734,-64.4647,-62.0343,-62.0343,-64.4647,-67.475,-61.7347,-62.0343,-70.4853,-62.0343,-63.0816,-73.4956,-73.4956,-70.4853,-68.7244,-63.0816,-67.475,-64.4647,-65.7141,-65.0446,-68.7244,-63.0816,-62.0343,-73.4956,-65.0446,-68.7244,-65.0446,-65.0446,-67.475,-64.4647,-62.7038,-67.475,-61.7347,-73.4956,NaN,-63.4956,-70.4853,-62.7038,-73.4956,-62.0343,-66.5059,-63.4956,-62.7038,-68.7244,-61.4544,-62.7038,-68.7244,-65.0446,-63.4956,-63.4956,-65.0446,-64.4647,-63.4956,-63.0816,-65.7141,-62.3561,-63.0816,-60.0713,NaN,-62.3561,-64.4647,-62.3561,-73.4956,-70.4853,-63.9531,-62.7038,-65.0446,-59.8783,-70.4853,-66.5059,-66.5059,-64.4647,-63.9531,-59.8783,-63.9531,-70.4853,-63.0816,-68.7244,-64.4647,-65.0446,-61.4544,-70.4853,-68.7244,-73.4956,-68.7244,-62.3561,-65.7141,-68.7244,-65.7141,-62.0343,-73.4956,-68.7244,-60.4853,-73.4956,NaN,-73.4956,-73.4956,-67.475,NaN,-70.4853,-63.0816,-64.4647,-67.475,-63.9531,-65.0446,-66.5059,-61.1911,-66.5059,-63.0816,-63.4956,-63.0816,-65.7141,-66.5059,-65.0446,-68.7244,-70.4853,-64.4647,-65.0446,-65.0446,-73.4956,-62.7038,-66.5059,-68.7244,-70.4853,NaN,-73.4956,-63.9531,-73.4956,-66.5059,-65.0446,-70.4853,-60.708,-62.7038,-68.7244,-68.7244,-70.4853,-63.0816,-61.7347,-62.7038,-70.4853,-63.0816,NaN,NaN,-65.7141,-62.3561,-65.7141,-65.0446,-60.4853,-70.4853,-68.7244,-65.7141,-67.475,-65.7141,-66.5059,-60.9428,-66.5059,-59.3458,-66.5059,-67.475,-66.5059,-62.0343,-65.7141,-68.7244,-66.5059,-62.7038,-65.0446,-65.7141,-64.4647,-67.475,-63.4956,NaN,-73.4956,-66.5059,-63.9531,-60.9428,-70.4853,-68.7244,-73.4956,-63.0816,NaN,-62.0343,-60.4853,-63.4956,-64.4647,-73.4956,-73.4956,-62.7038,-63.9531,-60.4853,-67.475,-68.7244,-62.7038,-65.7141,-70.4853,-63.4956,-65.0446,-70.4853,NaN,-73.4956,-62.3561,-61.7347,-73.4956,-73.4956,-65.7141,-68.7244,-67.475,-62.7038,-70.4853,-63.4956,-62.7038,-62.3561,-62.3561,-65.0446,-65.0446,-65.0446,-61.7347,-67.475,-73.4956,-68.7244,-65.7141,-66.5059,-70.4853,-73.4956,-63.9531,-66.5059,-66.5059,-70.4853,-70.4853,-61.4544,-68.7244,-73.4956,-65.0446,-61.7347,-59.6935,-64.4647,-65.0446,-63.9531,-67.475,-65.7141,-70.4853,-68.7244,-61.7347,-67.475,-63.0816,-68.7244,-64.4647,NaN,-73.4956,-70.4853,-62.7038,-63.4956,-66.5059,-63.4956,-63.0816,NaN,-62.7038,-73.4956,-73.4956,-67.475,-62.0343,-63.0816,-60.2734,NaN,-62.0343,-70.4853,-65.0446,-63.9531,-65.7141,-61.7347,-63.9531,-66.5059,-73.4956,-61.1911,-63.4956,-65.0446,-73.4956,-68.7244,-73.4956,-61.1911,-67.475,-67.475,NaN,-67.475,-65.7141,-67.475,-64.4647,-63.0816,-68.7244,-67.475,-61.4544,-61.7347,-63.4956,-73.4956,-70.4853,-70.4853,NaN,-62.0343,-70.4853,-62.3561,-68.7244,-63.4956,-70.4853,-66.5059,-70.4853,-63.9531,-63.9531,-66.5059,-65.7141,-73.4956,-73.4956,-73.4956,-67.475,-59.8783,-61.4544,-67.475,-60.0713,-70.4853,-59.8783,-67.475,-67.475,-66.5059,-63.0816,-70.4853,-63.4956,-65.0446,-65.7141,-63.9531,-65.7141,-65.7141,-60.708,-66.5059,-65.0446,-65.7141,-61.4544,-62.7038,-59.8783,-62.7038,-68.7244,-67.475,-63.4956,-65.7141,-62.7038,-62.3561,-70.4853,-63.4956,-60.9428,-62.3561,NaN,-65.0446,-67.475,-65.0446,-60.4853,NaN,-68.7244,-73.4956,-64.4647,-65.0446,-63.9531,-64.4647,-60.2734,-65.0446,-70.4853,-61.4544,-63.4956,-60.708,NaN,-70.4853,-70.4853,-68.7244,-70.4853,NaN,-63.4956,-66.5059,-63.9531,-67.475,-61.7347,-60.9428,-67.475,-66.5059,-60.9428,-64.4647,-62.7038,-66.5059,-66.5059,-62.7038,-65.0446,-66.5059,-67.475,-63.9531,-65.0446,-73.4956,NaN,-63.9531,-68.7244,-67.475,-73.4956,-65.0446,-73.4956,-68.7244,-73.4956,-70.4853,-61.1911,-64.4647,-67.475,-70.4853,-66.5059,-67.475,-66.5059,-68.7244,-64.4647,-63.0816,-62.7038,-70.4853,-61.7347,-61.7347,-60.9428,-60.4853,-65.0446,NaN,-70.4853,-64.4647,-63.0816,-63.4956,-63.0816,-64.4647,-63.9531,-65.0446,-73.4956,-62.3561,-66.5059,-64.4647,-64.4647,-65.0446,-63.9531,-70.4853,-62.3561,-68.7244,NaN,-64.4647,-63.4956,-65.7141,-73.4956,-66.5059,-62.0343,-68.7244,-73.4956,-64.4647,-60.2734,NaN,-62.3561,-67.475,-61.1911,-62.0343,-70.4853,-70.4853,-63.4956,NaN,NaN,-67.475,-66.5059,-65.0446,-60.708,-62.0343,-65.7141,-63.9531,-65.0446,-67.475,-65.7141,-67.475,-64.4647,-64.4647,-73.4956,-64.4647,-67.475,-61.1911,-60.4853,-65.7141,-62.7038,-62.3561,-61.4544,-63.4956,-65.7141,-70.4853,-68.7244,-63.0816,-61.1911,NaN,-65.0446,-68.7244,-61.4544,-63.4956,-65.0446,-66.5059,-65.7141,-63.9531,-66.5059,-62.7038,-66.5059,-63.9531,-73.4956,-68.7244,-73.4956,-73.4956,-66.5059,-73.4956,-70.4853,-65.7141,-63.0816,-63.4956,-68.7244,-73.4956,-70.4853,-68.7244,-65.0446,-61.4544,-68.7244,-63.0816,-63.9531,-73.4956,-67.475,NaN,-67.475,-60.9428,-66.5059,-64.4647,-73.4956,-70.4853,-63.9531,-67.475,-66.5059,-70.4853,-65.0446,-64.4647,-62.0343,-60.708,-67.475,-67.475,-63.4956,-63.9531,-61.7347,-62.3561,-63.4956,NaN,-62.0343,-65.0446,-62.0343,-73.4956,-62.0343,-64.4647,-67.475,-70.4853,-60.0713,-64.4647,-65.7141,-59.8783,-64.4647,-73.4956,-64.4647,-73.4956,-63.4956,-68.7244,-61.7347,-67.475,-59.8783,-63.4956,-61.1911,-63.0816,-63.4956,-63.0816,-67.475,-60.708,-65.0446,-73.4956,-70.4853,-64.4647,-70.4853,-63.0816,-70.4853,NaN,-64.4647,-63.9531,-62.0343,-70.4853,-67.475,NaN,-59.6935,-68.7244,-66.5059,-67.475,-66.5059,-66.5059,-68.7244,-64.4647,-70.4853,-73.4956,-73.4956,-63.4956,-66.5059,-65.0446,-62.0343,-60.9428,-65.0446,-58.8716,-73.4956,-62.3561,-63.0816,-59.8783,-61.4544,-63.0816,-63.0816,-65.7141,-65.7141,-66.5059,-63.4956,-63.4956,-64.4647,-61.1911,-73.4956,-60.4853,-61.7347,-67.475,-65.7141,-67.475,-62.3561,-73.4956,-65.7141,-63.4956,-61.7347,-70.4853,-73.4956,-63.4956,-66.5059,NaN,-61.1911,-62.3561,-66.5059,-64.4647,-68.7244,-64.4647,-62.7038,-70.4853,-68.7244,-61.1911,-66.5059,-67.475,-68.7244,-63.0816,-61.7347,-73.4956,-68.7244,-63.0816,-62.7038,-68.7244,-68.7244,-67.475,-65.7141,-68.7244,-63.4956,-65.7141,-63.4956,-61.7347,-61.4544,-73.4956,-61.7347,-70.4853,-63.9531,-65.7141,-68.7244,-66.5059,NaN,-63.0816,-61.7347,-73.4956,-66.5059,-66.5059,-63.9531,-66.5059,-63.4956,-68.7244,-60.0713,-63.0816,-62.0343,-66.5059,-63.9531,-60.9428,-73.4956,-62.0343,-63.0816,-63.4956,-62.0343,-63.4956,-61.7347,-66.5059,-62.0343,-61.1911,NaN,-65.0446,-68.7244,-66.5059,-65.0446,-61.1911,-64.4647,-65.0446,-68.7244,-70.4853,-62.3561,-73.4956,-68.7244,-73.4956,-65.0446,-70.4853,-63.9531,-62.0343,-66.5059,-62.0343,-62.7038,-61.7347,-67.475,-67.475,-66.5059,-66.5059,-67.475,-62.7038,-65.0446,-66.5059,-67.475,-67.475,-68.7244,-65.7141
